Variable,Coef,OR,CI_lo,CI_hi,SE,z,p_value,Model,p_fdr,sig_fdr
log_author_count,-0.6371522176416341,0.5287961782720506,0.5003351244282905,0.5588762101694162,0.028227009478663,-22.572430782058653,8.087551692194422e-113,gh_first_A,1.455759304594996e-111,True
year_centered,0.04003058365248838,1.0408426064741836,1.0002179542863094,1.0831172614022737,0.02031257811977746,1.9707288467490183,0.04875489914695846,gh_first_A,0.10969852308065653,False
year_centered_sq,-0.0007370786542441567,0.9992631929214988,0.9980763235403121,1.0004514736766403,0.0006063522690348103,-1.2155947819201474,0.2241393228990055,gh_first_A,0.33620898434850827,False
has_funding_int,-0.16109408722417035,0.8512119791670957,0.7039017876931829,1.0293507505529829,0.09695017931094173,-1.6616172179269955,0.09658954882911075,gh_first_A,0.1931790976582215,False
is_oa_int,0.23488520934632037,1.2647635773619494,1.137319137104186,1.4064890446619287,0.054189464537354924,4.334517998132363,1.4607983719393168e-05,gh_first_A,8.764790231635901e-05,True
bloc_East Asian,-0.36623703277754455,0.693338437795078,0.5612315172467951,0.8565416847620283,0.10784935668326909,-3.3958202815535175,0.0006842326989101415,gh_first_A,0.0024632377160765094,True
bloc_Latin American,0.04617394118764976,1.0472565561643543,0.35297918214902146,3.107113251699351,0.5548572138049092,0.08321770004757435,0.9336784389522705,gh_first_A,0.9336784389522705,False
bloc_MENA,0.16785795663971237,1.1827685942897137,0.8054342451542726,1.7368786540360133,0.19603656564886623,0.8562584030388167,0.3918548643702324,gh_first_A,0.5038133970474417,False
bloc_Multi-bloc,-0.9744949479198111,0.377382903460716,0.32641258290862485,0.43631239505343516,0.07402967251914987,-13.163572318487974,1.4220020966342846e-39,gh_first_A,1.2798018869708563e-38,True
bloc_Other,-0.4097561265135294,0.6638121165732811,0.36287495104950246,1.2143205940092225,0.3081330943980256,-1.3298023937157297,0.18358338706255994,gh_first_A,0.3004091788296435,False
bloc_South Asian,-0.5398855978280784,0.5828149238533531,0.44956484824872744,0.7555600416477873,0.13244365823025817,-4.076341631167175,4.574978912811683e-05,gh_first_A,0.00020587405107652573,True
bloc_Western,-0.0922523354816341,0.9118750220887614,0.8106147309115699,1.0257845363534224,0.0600561513378616,-1.5361013555904446,0.12451352388216942,gh_first_A,0.22412434298790496,False
"field_Biochemistry, Genetics and Molecular Biology",-0.0057111116775738135,0.9943051657186385,0.8794518908133965,1.1241578679879614,0.06262515573122793,-0.09119516927166661,0.9273375133232685,gh_first_A,0.9336784389522705,False
field_Engineering,-0.014635151400765788,0.9854714218886322,0.7784106512318464,1.2476112985123433,0.12033975168828784,-0.12161527006200533,0.9032037195000471,gh_first_A,0.9336784389522705,False
field_Immunology and Microbiology,0.1794704093753517,1.196583495890521,1.014102755563683,1.4119003767440867,0.0844215165779481,2.1258846873432207,0.03351286219724267,gh_first_A,0.08617593136433829,False
field_Neuroscience,-0.39141645407409326,0.676098533413186,0.4925819017130635,0.927986240042035,0.16157044909556997,-2.422574525633508,0.015410964386396006,gh_first_A,0.04623289315918802,True
field_Other,0.9721940978114724,2.643738721783969,0.3312005150538647,21.103090458428852,1.059808877127239,0.9173296419697307,0.3589699290461078,gh_first_A,0.4970352863715339,False
"field_Pharmacology, Toxicology and Pharmaceutics",0.08872589572350893,1.0927810793034287,0.8751404018380405,1.3645473169510554,0.11331471529426741,0.7830041799345859,0.4336246574615974,gh_first_A,0.5203495889539168,False
log_author_count,-0.6169871243639087,0.5395676413118654,0.497207069773618,0.5855372082368115,0.04171508974905613,-14.790502143840381,1.686905863538879e-49,gh_last_A,,
year_centered,-0.04201287740983712,0.958857432892843,0.9294399078335496,0.9892060464209231,0.015898084944644834,-2.642637623092389,0.008226302615124213,gh_last_A,,
year_centered_sq,0.001979518370957552,1.0019814789108763,1.0010225409914697,1.0029413354528867,0.0004885203155174954,4.052069705352222,5.0766534085770904e-05,gh_last_A,,
has_funding_int,-0.36945678913574553,0.6911096469587931,0.582063769969673,0.8205845626577883,0.08761146822587948,-4.216991184113177,2.475836504900929e-05,gh_last_A,,
is_oa_int,0.30771234812961235,1.3603096370418948,1.2142375042104123,1.5239541705906599,0.057957161679475115,5.309306722633818,1.1004300891331571e-07,gh_last_A,,
bloc_East Asian,-0.39234392353547143,0.6754717633705286,0.5423165363000311,0.8413206542137764,0.1120211781448387,-3.5024084734065837,0.000461072164034272,gh_last_A,,
bloc_Latin American,0.14431646615798135,1.1552496480990537,0.4795600864523605,2.7829708667082054,0.4485727285848704,0.32172367369113597,0.7476620415998201,gh_last_A,,
bloc_MENA,-0.07674931950684105,0.9261219852258271,0.5033528173521629,1.7039776116293186,0.3110788822002361,-0.24671979969838917,0.8051250822230189,gh_last_A,,
bloc_Multi-bloc,-0.8578764456741451,0.42406164478503006,0.3344524436921358,0.5376796670779219,0.12111435467906545,-7.083193796040005,1.4086945586637893e-12,gh_last_A,,
bloc_Other,0.7619598271124717,2.1424709813680987,1.0956525118658833,4.18945044737529,0.34214782656901577,2.226990113464229,0.025947934546618832,gh_last_A,,
bloc_South Asian,0.013752173838299688,1.0138471699491065,0.7220900073581108,1.4234874787625278,0.17314166212582205,0.07942729479116345,0.9366927591144717,gh_last_A,,
bloc_Western,-0.2313129857163609,0.7934910757931884,0.6728622757941286,0.9357458576799077,0.08413348304640551,-2.749357061430294,0.005971230016800539,gh_last_A,,
"field_Biochemistry, Genetics and Molecular Biology",-0.392524713121228,0.6753496561484282,0.5835430208344947,0.7815998851422458,0.07454713669161339,-5.265456602914533,1.3984135172081002e-07,gh_last_A,,
field_Engineering,0.04089441354598439,1.0417421058833856,0.8240510434295927,1.3169410121171377,0.11960062174873395,0.3419247571463171,0.7324075178170435,gh_last_A,,
field_Immunology and Microbiology,-0.14237248648787762,0.8672981394733742,0.7467585258089785,1.0072949109206306,0.07634740726698568,-1.8647979228685958,0.06220973456941068,gh_last_A,,
field_Neuroscience,-0.06723446535715545,0.9349759561635884,0.674396679125981,1.296240129380463,0.16668486282646905,-0.40336275422412754,0.6866813825327384,gh_last_A,,
field_Other,-0.24476743316682054,0.7828865905264834,0.18699553308943204,3.277679437043301,0.7305628145246544,-0.33503954526631646,0.7375952555934246,gh_last_A,,
"field_Pharmacology, Toxicology and Pharmaceutics",-0.08952066530458382,0.9143693692075435,0.5927558876743445,1.4104817189168641,0.22114895712720165,-0.40479804412142373,0.6856259665993731,gh_last_A,,
log_author_count,-0.6419846677103125,0.5262469615861131,0.4967989258298685,0.5574405462250418,0.029380225935253322,-21.850909830478713,7.619968095035196e-106,gh_corr_A,,
year_centered,0.030618027815861745,1.0310915803544018,0.9910045490792846,1.0728001683397734,0.020231725553942148,1.5133670993226689,0.13018643731014656,gh_corr_A,,
year_centered_sq,-0.00035299562308155845,0.9996470666725431,0.9984615973069717,1.0008339435410376,0.0006054038910249187,-0.5830745859329619,0.5598430912220276,gh_corr_A,,
has_funding_int,-0.2625947898341932,0.7690534624632527,0.6379092500210066,0.9271588836613377,0.09539002921775423,-2.752853647153705,0.005907830012956022,gh_corr_A,,
is_oa_int,0.34852677897605344,1.4169784876483595,1.2645534682133595,1.587776305967527,0.05806515748301238,6.002339338837046,1.9449467899925508e-09,gh_corr_A,,
bloc_East Asian,-0.5569121291417249,0.5729756097001235,0.46755012788350336,0.7021729430326004,0.1037431537962481,-5.368181983704701,7.953428044121385e-08,gh_corr_A,,
bloc_Latin American,0.013874955727712725,1.0139716596625936,0.34762295689778006,2.9576255140745573,0.5461794895355604,0.025403655746046392,0.9797329951865408,gh_corr_A,,
bloc_MENA,0.07762935585792645,1.080722021141347,0.7696676631963032,1.5174862383193968,0.17317643846922604,0.4482674233522906,0.6539602082760768,gh_corr_A,,
bloc_Multi-bloc,-0.9363904361141678,0.39204037928594226,0.32735357020496497,0.4695096463876427,0.0920020416611461,-10.177931045954386,2.4879475741808206e-24,gh_corr_A,,
bloc_Other,-0.588095139725016,0.5553842070836496,0.34684929014690274,0.889295801491461,0.24018866122385152,-2.4484717002395127,0.014346369955194112,gh_corr_A,,
bloc_South Asian,-0.28214981624209073,0.7541606905485426,0.5820282053503941,0.9772006613085862,0.13218701703139168,-2.134474493626602,0.032803959382936496,gh_corr_A,,
bloc_Western,-0.13233538948231932,0.8760471288092812,0.7576073584322723,1.0130030593724673,0.07410950757924957,-1.7856735769132652,0.07415212604389766,gh_corr_A,,
"field_Biochemistry, Genetics and Molecular Biology",-0.16483131568943704,0.8480367425166507,0.7527544957433618,0.9553796366876022,0.060808583430154585,-2.7106586996680186,0.006714970580023739,gh_corr_A,,
field_Engineering,0.17330736205428335,1.1892315735750545,0.9011407291337689,1.5694238312225484,0.14153122625890885,1.2245167842836684,0.22075733858503954,gh_corr_A,,
field_Immunology and Microbiology,0.007121318972144798,1.0071467358622017,0.8889410492311973,1.1410706575370162,0.06369677345156005,0.11180030928191989,0.9109817422905973,gh_corr_A,,
field_Neuroscience,-0.40555068640628994,0.6666096169090617,0.5200484754422947,0.8544749236649839,0.12667477721472564,-3.2015109505094563,0.0013670887889380464,gh_corr_A,,
field_Other,0.19632790557782026,1.2169258767010371,0.3989390097666792,3.712117775222589,0.5690176719804326,0.34502953993416846,0.7300721631420966,gh_corr_A,,
"field_Pharmacology, Toxicology and Pharmaceutics",-0.10555387292963236,0.8998259952784557,0.6701356694821096,1.2082431344157536,0.15036797061318388,-0.7019704562028429,0.48269758812317876,gh_corr_A,,
log_author_count,-0.37915718131311266,0.6844380233437308,0.6223906500798637,0.7526710237992206,0.048484769021906605,-7.820129681174724,5.276894659471754e-15,gh_first_B,,
year_centered,0.03412381889252912,1.0347127157793474,0.9950256594033194,1.0759827086645086,0.019954373828337958,1.7100921926233836,0.08724882629170136,gh_first_B,,
year_centered_sq,-0.0006063131049097413,0.9993938706657381,0.9982340422798064,1.0005550466333268,0.0005924519167496463,-1.0233963090813196,0.3061205038138244,gh_first_B,,
has_funding_int,-0.17869616318335502,0.8363599777491106,0.6949433781927001,1.0065539644389987,0.0945044611118366,-1.8908754262075094,0.05864097549066456,gh_first_B,,
is_oa_int,0.2535444595534932,1.2885846681107511,1.1542748322497713,1.4385226122047103,0.05615926715644286,4.514739461382116,6.339465412722711e-06,gh_first_B,,
country_count,-0.40996541311947393,0.663673204125183,0.6195023402094795,0.710993475383561,0.035139483276912645,-11.666802550532369,1.8837072070248257e-31,gh_first_B,,
"field_Biochemistry, Genetics and Molecular Biology",-0.05633284019344681,0.9452244748303239,0.832993890684789,1.0725760630534438,0.06448782181665318,-0.8735423000269418,0.3823675605924901,gh_first_B,,
field_Engineering,-0.030520540352142092,0.9699405089429867,0.7674722327571534,1.2258223173870406,0.11945532583732307,-0.2554975271149119,0.798338853324592,gh_first_B,,
field_Immunology and Microbiology,0.1714218912890873,1.1869914247412428,0.9837396145949213,1.4322373741037295,0.09582445283211412,1.788915941836068,0.07362835398523584,gh_first_B,,
field_Neuroscience,-0.4026223155728694,0.6685645580678048,0.4716368921774509,0.9477175677262878,0.17802222965210351,-2.2616406746488136,0.0237196128232576,gh_first_B,,
field_Other,1.0467961488775452,2.8485102800819524,0.3581256996735578,22.656879478710195,1.0579935646323146,0.9894163668579016,0.3224594700517801,gh_first_B,,
"field_Pharmacology, Toxicology and Pharmaceutics",-0.010800119310459717,0.9892579925848153,0.8192671843925681,1.1945204135309389,0.0961963757914752,-0.11227158218383534,0.9106080734517792,gh_first_B,,
log_author_count,-0.36380679972225666,0.6950254608844466,0.6300914167139194,0.7666512802172665,0.05004263495205811,-7.269936926198854,3.596553902407222e-13,gh_first_C,,
year_centered,0.03359937476447177,1.0341702090410017,0.9948128954447139,1.0750845974808199,0.019795907678486938,1.6972889200218717,0.0896420509749046,gh_first_C,,
year_centered_sq,-0.0005457858698138639,0.999454363044201,0.9982882853605687,1.0006218027964704,0.0005956099117478598,-0.9163478630035156,0.3594844715632358,gh_first_C,,
has_funding_int,-0.17372544403508472,0.840527637858083,0.6975926850634376,1.0127495960469286,0.09509920830008031,-1.8267811808370018,0.0677326765358891,gh_first_C,,
is_oa_int,0.2372768494504049,1.267792056728547,1.1370335141123789,1.413587795922383,0.05553783632858657,4.272345938119904,1.9342718756955763e-05,gh_first_C,,
country_count,-0.3640079089083892,0.6948856989338439,0.6356933845979377,0.7595896799967159,0.0454239911580721,-8.013560667570333,1.114342575088947e-15,gh_first_C,,
bloc_East Asian,-0.45158235794332663,0.6366199934950328,0.509595199525449,0.7953077589722779,0.11354910046363521,-3.976978735185565,6.97964038718516e-05,gh_first_C,,
bloc_Latin American,-0.007895145857791615,0.9921359389461183,0.38039686818367924,2.587649383257273,0.48910460991970856,-0.01614203934632242,0.987121075328559,gh_first_C,,
bloc_MENA,0.09279024885468146,1.097231565552191,0.7574743897327847,1.5893832514506783,0.18905908161145238,0.49080027292939427,0.6235677169875891,gh_first_C,,
bloc_Multi-bloc,-0.3404083084246399,0.7114797602670112,0.608616014822023,0.8317287697689527,0.07967317308214203,-4.272558695179408,1.9324266429554935e-05,gh_first_C,,
bloc_Other,-0.4236344292279474,0.6546631638872016,0.36766249528945344,1.1656991497416274,0.29436503304800127,-1.4391465753979908,0.15010899829241278,gh_first_C,,
bloc_South Asian,-0.6017528492672342,0.547850494633992,0.4200476328630351,0.7145384022877627,0.13552771086195958,-4.440072406152743,8.992861617203947e-06,gh_first_C,,
bloc_Western,-0.10917819428781207,0.8965706394963163,0.7814018016186897,1.028713921495529,0.07014673288100551,-1.5564259346621059,0.11960684211328487,gh_first_C,,
"field_Biochemistry, Genetics and Molecular Biology",-0.017082781066395162,0.9830623023207797,0.8682534695028933,1.1130522643319096,0.06336163792209543,-0.26960763052556863,0.7874621293587096,gh_first_C,,
field_Engineering,0.0007384785544783891,1.0007387512969002,0.7869213967621663,1.2726532185653083,0.12263540365132695,0.006021740317160023,0.9951953754088255,gh_first_C,,
field_Immunology and Microbiology,0.1819003697627165,1.1994946819866814,0.9971528288891806,1.4428956629618417,0.094261021313821,1.9297517386016845,0.053637605915537324,gh_first_C,,
field_Neuroscience,-0.37404470904499093,0.6879461537258635,0.4933670031573392,0.9592654299892031,0.1696210431289494,-2.205178686235495,0.02744155820630777,gh_first_C,,
field_Other,1.1186359280140534,3.060676371612663,0.3323991947390887,28.18219779112615,1.13268090131824,0.987600238259654,0.3233484695603891,gh_first_C,,
"field_Pharmacology, Toxicology and Pharmaceutics",0.019379624679298175,1.0195686285728343,0.8334667455135982,1.247224552107736,0.1028270916687298,0.18846808136645576,0.850509734514975,gh_first_C,,
log_author_count,-0.40439650932232324,0.6673794466273005,0.5978529666765846,0.7449914119461141,0.05612955156336426,-7.204698738164741,5.817232002689862e-13,gh_last_B,,
year_centered,-0.03585399984658988,0.9647811413956153,0.9304994105347726,1.0003258897903864,0.018459100278792117,-1.9423481808473066,0.05209496395374236,gh_last_B,,
year_centered_sq,0.001795911063822693,1.0017975246779218,1.0006084609842592,1.0029880013842891,0.0006059362841293076,2.963861235679762,0.0030380525021562925,gh_last_B,,
has_funding_int,-0.38220294328603416,0.6823565594702528,0.5716845213888111,0.8144535260828095,0.09028828188867229,-4.2331400630405165,2.3045088079765785e-05,gh_last_B,,
is_oa_int,0.33933658202035444,1.404015832178361,1.2270375354900906,1.6065200941225937,0.06874174769796736,4.936397362361335,7.957888678666037e-07,gh_last_B,,
country_count,-0.35330070675685465,0.7023659554299118,0.6416918480590292,0.768777002293463,0.046095087353655674,-7.664606513189206,1.7938028974498448e-14,gh_last_B,,
"field_Biochemistry, Genetics and Molecular Biology",-0.42799893004075557,0.651812112210754,0.5628279752295235,0.7548648047414225,0.07488893760492794,-5.71511552612267,1.096295198336958e-08,gh_last_B,,
field_Engineering,0.10393863728270707,1.109532368905552,0.8364483903284063,1.4717729053980566,0.1441474973969542,0.7210575220496562,0.47087412451113975,gh_last_B,,
field_Immunology and Microbiology,-0.18978053385748428,0.8271406433913676,0.7149383555195906,0.9569519367200021,0.07437674602243854,-2.5516111420124488,0.01072261186810114,gh_last_B,,
field_Neuroscience,-0.04376833222926904,0.9571756785448882,0.6727341207914095,1.361883173875676,0.17991671472244433,-0.24326996130843095,0.8077962729066933,gh_last_B,,
field_Other,-0.029581031796142753,0.9708522045558023,0.23484792676743876,4.013465292475152,0.7241000319658188,-0.04085213436026906,0.967413776811142,gh_last_B,,
"field_Pharmacology, Toxicology and Pharmaceutics",-0.11887742294700293,0.8879166322957833,0.6141792957855904,1.2836576408832803,0.18805661114044972,-0.6321363669486714,0.5272977733369533,gh_last_B,,
log_author_count,-0.38640078802343764,0.6794981363837725,0.6056062088306782,0.7624058515524762,0.0587370084314291,-6.5784894113994685,4.7525170983060905e-11,gh_last_C,,
year_centered,-0.03795959538349675,0.9627518397242198,0.9289091579206713,0.9978275022793202,0.018257517533768166,-2.0791213982562873,0.03760619378378686,gh_last_C,,
year_centered_sq,0.001813181668648171,1.0018148264764914,1.0006189973005566,1.0030120847752213,0.0006093754428059022,2.9754754479426966,0.0029253476600898426,gh_last_C,,
has_funding_int,-0.3611508454112623,0.696873870312457,0.5886032349998631,0.8250603500749976,0.08614903147674266,-4.192163733248248,2.76306456942619e-05,gh_last_C,,
is_oa_int,0.31436466336529684,1.3693890115135372,1.2026547422401708,1.559239072521396,0.0662414616688544,4.745738627218513,2.077468334862602e-06,gh_last_C,,
country_count,-0.35714182352969037,0.6996732605662511,0.6319567324528245,0.7746458680032394,0.051934961713262104,-6.876712945347001,6.124935305342687e-12,gh_last_C,,
bloc_East Asian,-0.5185739748705607,0.5953689539919486,0.4555183026021808,0.7781557609267618,0.136604799425937,-3.7961621923226483,0.00014695337438858086,gh_last_C,,
bloc_Latin American,0.022332041842965843,1.0225832685389329,0.4319818583285998,2.420649203051353,0.4396447592206702,0.05079565120383195,0.9594883562421279,gh_last_C,,
bloc_MENA,-0.17682168436961546,0.8379291870734036,0.45332406824769966,1.5488375132243113,0.3134318073715734,-0.5641472250453298,0.5726539408318307,gh_last_C,,
bloc_Multi-bloc,-0.20486109701650945,0.814760481213439,0.6522056188253499,1.0178303016504966,0.11353790992853251,-1.8043409214196489,0.07117787840757606,gh_last_C,,
bloc_Other,0.6948574695881787,2.0034235048133224,1.0271263488943063,3.9077039976232917,0.3408635301265396,2.0385210155226203,0.041497855237672514,gh_last_C,,
bloc_South Asian,-0.07852543369991019,0.9244785467226098,0.6454142097059612,1.3242047827544983,0.1833354841881358,-0.42831552248406374,0.6684214192529352,gh_last_C,,
bloc_Western,-0.24295619350658904,0.7843058707089798,0.6336271246859732,0.9708165494547499,0.1088461405436623,-2.2321066442326463,0.025607915411428206,gh_last_C,,
"field_Biochemistry, Genetics and Molecular Biology",-0.4031035146312086,0.6682429228235183,0.5721174286447317,0.7805191409070188,0.07923852000397148,-5.087216603881607,3.6335676132036003e-07,gh_last_C,,
field_Engineering,0.11789893021867816,1.1251303889381201,0.8394152011901003,1.508095624569653,0.1494636473852033,0.7888134157118797,0.4302210672573331,gh_last_C,,
field_Immunology and Microbiology,-0.17000441929996324,0.8436610881967291,0.7264095431260061,0.9798384925868513,0.07634535455002696,-2.22678144992521,0.02596188373890243,gh_last_C,,
field_Neuroscience,-0.022591323262690685,0.9776619498373244,0.6826309268253132,1.4002044891299164,0.18327021065401594,-0.12326784141335109,0.9018950054189674,gh_last_C,,
field_Other,0.055483402129521686,1.0570514721233957,0.24818385220437308,4.502137446871934,0.7393208520761899,0.0750464456314346,0.9401777577862522,gh_last_C,,
"field_Pharmacology, Toxicology and Pharmaceutics",-0.13838228863249458,0.8707657442632368,0.5924278220563389,1.279874025413685,0.1965020122832283,-0.7042283538197928,0.4812905761671632,gh_last_C,,
log_author_count,-0.6367215675922766,0.5290239534144914,0.5006656103743014,0.5589885494173802,0.028109835463172122,-22.651202225159672,1.3575620565066532e-113,gh_first_D,,
year_centered,0.035064275131545725,1.0356862755319076,0.9934120276426851,1.0797594869779132,0.021262267327141177,1.649131515094176,0.09912069446519785,gh_first_D,,
year_centered_sq,-0.00039668741872552583,0.9996033912513257,0.9982549509910157,1.0009536529813252,0.0006887173275209133,-0.5759800180335671,0.5646286878977816,gh_first_D,,
has_funding_int,-0.16216091722325968,0.8503043649132744,0.702297779152751,1.0295027756784483,0.09756982696305304,-1.661998614435029,0.09651305229604824,gh_first_D,,
is_oa_int,0.23616871392934555,1.2663879494314376,1.1377202756695477,1.409606977006156,0.05466439382329142,4.320339025303866,1.557896676787282e-05,gh_first_D,,
covid_era,-0.08191650762929814,0.9213488810874131,0.8168743093232789,1.0391852834547664,0.06140486351306924,-1.3340394057200904,0.18219094248739187,gh_first_D,,
bloc_East Asian,-0.36519119629461605,0.6940639357383218,0.561851351889032,0.8573882491746891,0.10781977867234602,-3.3870519935344805,0.0007064799756889413,gh_first_D,,
bloc_Latin American,0.04671770229013984,1.0478261683963768,0.352768167126485,3.1123547459500966,0.5554397400223786,0.08410939823689531,0.9329694524119804,gh_first_D,,
bloc_MENA,0.1711337293494907,1.1866494282675548,0.809025393924139,1.7405348165619554,0.1954381135152798,0.8756415331245565,0.38122493909652,gh_first_D,,
bloc_Multi-bloc,-0.9742770278158261,0.37746515174373196,0.32630141470402296,0.43665131182516437,0.07431464897109777,-13.110161203812442,2.87985642960776e-39,gh_first_D,,
bloc_Other,-0.4064004288916198,0.6660434109951245,0.3644730612827011,1.2171374854668182,0.307603166999456,-1.321184150527093,0.18643996973355037,gh_first_D,,
bloc_South Asian,-0.5453341843606806,0.5796480416587081,0.4461719899713853,0.7530545613594519,0.1335288720398606,-4.084017007182456,4.4263789075057e-05,gh_first_D,,
bloc_Western,-0.09223366350742439,0.9118920487546165,0.8099846390873582,1.0266208375492516,0.06046241432537252,-1.5254710639088611,0.1271416455431288,gh_first_D,,
"field_Biochemistry, Genetics and Molecular Biology",-0.006591748927341171,0.9934299289916664,0.8776676765329275,1.1244609437081867,0.06321199418421374,-0.10428003438922297,0.9169471217702166,gh_first_D,,
field_Engineering,-0.01719076465202083,0.9829561534597522,0.7780770187659599,1.2417829807604417,0.1192545914328335,-0.14415180535588018,0.8853805971145907,gh_first_D,,
field_Immunology and Microbiology,0.1781901568046208,1.1950525470035451,1.0112809551380741,1.4122194063317148,0.08518997812020937,2.091679804790903,0.03646716824730922,gh_first_D,,
field_Neuroscience,-0.39234422835601945,0.6754715574728869,0.49133101069396484,0.9286241149534101,0.16239438457820746,-2.4159962758260924,0.015692221845543947,gh_first_D,,
field_Other,0.9716620983634504,2.6423326282969084,0.3346956575473667,20.86050882681188,1.0541815017226022,0.9217218256777323,0.3566736930319222,gh_first_D,,
"field_Pharmacology, Toxicology and Pharmaceutics",0.09063671961173109,1.0948711877729966,0.8769546949181642,1.3669382520693578,0.11323299322161887,0.8004444379063397,0.42345334313252747,gh_first_D,,
log_author_count,-0.6169468274119279,0.5395893846812906,0.4971310265580699,0.585673974277129,0.04181368637421777,-14.754662430154351,2.871244262659578e-49,gh_last_D,,
year_centered,-0.042615444552127575,0.9582798309490937,0.9253365265300982,0.992395964144353,0.017848138069551572,-2.3876689202011687,0.01695560874862527,gh_last_D,,
year_centered_sq,0.0020218670449209625,1.0020239123963386,1.0007562891584818,1.0032931412885293,0.0006458488413132737,3.130557671683181,0.0017447473723397635,gh_last_D,,
has_funding_int,-0.36957878841801245,0.6910253372208647,0.5815731706042093,0.8210764196448536,0.08797943659782519,-4.200740567451511,2.6604331036498806e-05,gh_last_D,,
is_oa_int,0.3078676852346757,1.3605209600156274,1.2138112812573294,1.524962991548788,0.05821553912927047,5.28841078927467,1.2338363922809555e-07,gh_last_D,,
covid_era,-0.01045577054412407,0.9895987010120462,0.8460291671934395,1.1575317105123124,0.079972282060257,-0.13074243068674624,0.895979065578845,gh_last_D,,
bloc_East Asian,-0.39220955637294286,0.675562530692678,0.5425419175926771,0.8411971832534688,0.1118777411875592,-3.5056978466826303,0.00045541189292738716,gh_last_D,,
bloc_Latin American,0.1443602667219744,1.1553002497933766,0.4795827049499391,2.783083404377483,0.44857101255430876,0.32182254912090785,0.7475871306215554,gh_last_D,,
bloc_MENA,-0.07638651721201091,0.9264580453653685,0.5040068754652974,1.7030015890751822,0.3106014550997862,-0.2459309702443937,0.8057356691489362,gh_last_D,,
bloc_Multi-bloc,-0.8578326174559554,0.4240802310586222,0.33449507107662674,0.5376582733966068,0.12107169248132303,-7.085327708525161,1.3871565108969166e-12,gh_last_D,,
bloc_Other,0.7623792534240197,2.143369778545829,1.0984238057335816,4.182387511635797,0.34107296177895957,2.2352380248719266,0.025401726351765238,gh_last_D,,
bloc_South Asian,0.013080128800861854,1.0131660478878077,0.7213879561569391,1.4229589388504866,0.17329506864798108,0.07547894410908985,0.9398336499074158,gh_last_D,,
bloc_Western,-0.231316036604694,0.7934886549442157,0.6728244935964589,0.9357926941090399,0.08416057597803668,-2.748508240545554,0.00598671300175939,gh_last_D,,
"field_Biochemistry, Genetics and Molecular Biology",-0.3926487646280664,0.6752658832021278,0.5831203494297894,0.7819723895121111,0.07485352961155373,-5.245561120039163,1.5580739583189802e-07,gh_last_D,,
field_Engineering,0.04057051216093824,1.0414047388122094,0.8256000488310524,1.3136189024650344,0.11847721289267327,0.34243303982589846,0.732025027557671,gh_last_D,,
field_Immunology and Microbiology,-0.14255837729348234,0.8671369317075129,0.7467595423158667,1.0069191161578324,0.07625187051679871,-1.8695721997019854,0.06154324880867145,gh_last_D,,
field_Neuroscience,-0.06734624245498284,0.9348714531053031,0.6747378734148383,1.2952950594102535,0.1663697738562107,-0.404798545396765,0.6856255981020856,gh_last_D,,
field_Other,-0.2445476721662949,0.7830586573730143,0.18731807686682272,3.2734740348780114,0.7297956577139719,-0.33509061006518104,0.7375567358958284,gh_last_D,,
"field_Pharmacology, Toxicology and Pharmaceutics",-0.08932463467411302,0.9145486311813172,0.59276385306706,1.411015861490121,0.2212421167310303,-0.4037415479201334,0.6864027836106819,gh_last_D,,
log_author_count,-0.6422218607462132,0.5261221542739587,0.49831225557877884,0.5554840727253813,0.027707407383266568,-23.178706396545515,7.467295130550935e-119,gh_first_E,,
year_centered,0.013887379570843255,1.0139842571656865,0.9697106689443274,1.0602792221510327,0.022778015810484345,0.6096834634933883,0.542071510882991,gh_first_E,,
year_centered_sq,-0.0005477588924739868,0.9994523911000404,0.9982403227261473,1.0006659311733925,0.0006191165469858822,-0.8847427760422585,0.37629537905029564,gh_first_E,,
has_funding_int,-0.1629363521298087,0.8496452648051714,0.7025393135245968,1.0275539917960412,0.09699875760085007,-1.6797777225177652,0.093000571118715,gh_first_E,,
is_oa_int,0.2476655183092563,1.281031378984877,1.1537305757520837,1.42237835109306,0.053400432330218156,4.637893505763018,3.5197804973092768e-06,gh_first_E,,
is_bilateral_int,0.3560829807121625,1.4277260170701334,1.084299254505523,1.8799252801741773,0.14038216875084417,2.53652571320616,0.01119585204343356,gh_first_E,,
bilateral_x_year,0.025252158127030907,1.025573694664252,1.01198947581955,1.039340258292205,0.006803054440626276,3.7118853520017168,0.0002057211708826013,gh_first_E,,
"field_Biochemistry, Genetics and Molecular Biology",-0.03422859981816123,0.9663505718208697,0.8503866167909216,1.0981280857670372,0.06522223969695258,-0.5247995158890644,0.5997225681147786,gh_first_E,,
field_Engineering,-0.04098091373691941,0.9598474496739126,0.7615724767153345,1.2097432021429082,0.11805562305495573,-0.3471322472953491,0.7284919681901383,gh_first_E,,
field_Immunology and Microbiology,0.17094685005682284,1.18642768878166,1.0054146390038932,1.400030003643443,0.0844626619942008,2.023933961121898,0.04297694704622995,gh_first_E,,
field_Neuroscience,-0.4120352387738448,0.6623009369679693,0.47639794492595366,0.9207481597697238,0.16809516147647735,-2.4512022544533716,0.014237992567165,gh_first_E,,
field_Other,0.89408947850566,2.44510845179543,0.3461333544530381,17.272404592411473,0.9974595097908097,0.8963666893036804,0.37005695196626287,gh_first_E,,
"field_Pharmacology, Toxicology and Pharmaceutics",0.05673552142185533,1.0583758556346725,0.8556682982500261,1.3091047711844932,0.10847347010455644,0.5230359217527434,0.6009492556980499,gh_first_E,,
log_author_count,-0.6328617040280718,0.5310698596161842,0.4882380892505696,0.5776591421322105,0.042903265444353744,-14.750898270177222,3.0359675128132535e-49,gh_last_E,,
year_centered,-0.05153592722448925,0.9497695267662262,0.9184655350055944,0.9821404501239632,0.01709947496731326,-3.013889451167563,0.0025792176929390525,gh_last_E,,
year_centered_sq,0.0020553729643395186,1.0020574866912684,1.0011203138500244,1.0029955368425842,0.0004773909171259158,4.305429555957381,1.6666202041723185e-05,gh_last_E,,
has_funding_int,-0.39037066605401144,0.676805959003954,0.567146924674818,0.8076677950883732,0.09018684508020887,-4.328465705911213,1.5015170728614717e-05,gh_last_E,,
is_oa_int,0.32648067156588806,1.3860814587199464,1.2325387607478913,1.5587516363716118,0.059900304205620016,5.450400893544322,5.0256402931172256e-08,gh_last_E,,
is_bilateral_int,0.44048926316764253,1.55346708683612,1.0067235610631045,2.3971426548661365,0.22132051246616252,1.9902776216234748,0.046560361758494755,gh_last_E,,
bilateral_x_year,0.01131263167627309,1.0113768614681529,0.9905333332466021,1.032658994483849,0.01062468986552493,1.0647493545181397,0.28698936919352314,gh_last_E,,
"field_Biochemistry, Genetics and Molecular Biology",-0.4020111702685686,0.668973273037486,0.5841199898026033,0.7661529272260018,0.06920290050969724,-5.809166484463114,6.278463216071981e-09,gh_last_E,,
field_Engineering,0.041323234352879865,1.0421889223690635,0.8324526032841465,1.3047682782464007,0.11464399290468295,0.3604483174904483,0.7185118992999187,gh_last_E,,
field_Immunology and Microbiology,-0.15329615836345004,0.8578756171468224,0.7416358053022388,0.9923342012797232,0.0742861359084963,-2.0635904195134906,0.039056566726395625,gh_last_E,,
field_Neuroscience,-0.07664837998478925,0.9262154722545661,0.6712171198610714,1.2780888264907666,0.16429297848020155,-0.4665347277396028,0.6408327958323751,gh_last_E,,
field_Other,-0.3013851987805109,0.7397927505897803,0.1758557818178765,3.1121712813059075,0.7330131849806706,-0.41115931466970596,0.6809557190923177,gh_last_E,,
"field_Pharmacology, Toxicology and Pharmaceutics",-0.06307217172284448,0.9388757109662892,0.6154624758339662,1.432236139901167,0.21546384124084195,-0.2927274078082709,0.7697305186916197,gh_last_E,,
